GeneID,Symbol,Experimental_Essentiality,FBA_Essentiality
100774283,A3galt2,0,0
100770462,A4galt,0,0
100771969,A4gnt,0,0
100750893,Aacs,1,0
100771815,Aadac,0,0
100751803,Aadacl3,0,0
107979660,Aadat,0,0
100755392,Aanat,0,0
100766178,Aars1,1,1
100754221,Aars2,1,0
100770305,Aasdh,0,0
100770305,Aasdh,0,0
100754811,Aasdhppt,1,0
100751161,Aass,0,0
100765485,Abat,0,0
100761226,Abca1,0,0
100750884,Abca12,0,0
100770749,Abca3,0,0
100764464,Abca7,0,0
100682536,Abcb1,0,0
100762480,Abcb11,0,0
100682535,Abcb4,0,0
100766714,Abcb7,1,0
100689208,Abcc1,0,0
100689220,Abcc2,0,0
100767558,Abcc3,0,0
100766754,Abcc4,0,0
100774121,Abcc5,0,0
100752070,Abcc6,0,0
100764394,Abcc8,0,0
100769198,Abcc9,0,0
100769988,Abcd1,0,0
100758232,Abcd2,0,0
100765314,Abcd3,0,0
100768387,Abcd4,0,0
100761503,Abcg2,0,0
100765125,Abhd12,0,0
100769391,Abhd6,0,0
100772592,Abo,0,0
100765829,Acaa2,0,0
100762904,Acaca,1,1
100762904,Acaca,1,1
100753124,Acacb,0,1
100751213,Acad8,0,0
100770943,Acad9,1,0
100759026,Acadl,0,0
100763159,Acadm,0,0
100774097,Acads,0,0
100766828,Acadsb,0,0
100767527,Acadvl,0,0
100770936,Acat1,0,0
100773997,Acer1,0,0
100758912,Acer2,0,0
100770679,Ache,0,0
100773325,Acly,1,0
100773325,Acly,1,0
100771266,Acmsd,0,0
100766024,Aco1,0,0
100759203,Aco2,1,0
100764165,Acod1,0,0
100752371,Acot11,0,0
100752768,Acot12,0,0
100758652,Acot13,0,0
100774016,Acot6,0,0
100755154,Acot7,0,0
100761882,Acot9,0,0
100689199,Acox1,0,0
100766043,Acox2,0,0
100767060,Acox3,0,0
100773599,Acp1,0,0
100756404,Acp2,0,0
100763644,Acp3,0,0
100757346,Acp4,0,0
100751531,Acp6,0,0
100754767,Acsbg1,0,0
100773126,Acsbg2,0,0
100768417,Acsf2,0,0
100764604,Acsf3,0,0
100751492,Acsl1,0,0
100752583,Acsl3,0,0
100760496,Acsl4,0,0
100773264,Acsl5,0,0
100762894,Acsl6,0,0
100751305,Acsm3,0,0
100769754,Acss1,0,0
100752902,Acss2,0,0
100772576,Acss3,0,0
100763612,Acy3,0,0
100755378,Acyp1,0,0
100758982,Acyp2,0,0
100756254,Ada,0,0
100764561,Adcy1,0,0
100767272,Adcy10,0,0
100773811,Adcy2,0,0
100770498,Adcy3,0,0
100768998,Adcy4,0,0
100765958,Adcy5,0,0
100768368,Adcy6,0,0
100756132,Adcy7,0,0
100751372,Adcy9,0,0
100767929,Adh5,0,0
100759210,Adh7,0,0
100764101,Adhfe1,0,0
100765075,Adi1,0,0
100736551,Adk,0,0
100754978,Adpgk,0,0
100767531,Adprm,0,0
100689060,Adsl,1,1
100751825,Adss1,0,0
100767083,Adss2,1,0
100773211,Afmid,0,0
100754017,Aga,0,0
100771779,Agk,0,0
100772306,Agl,0,0
100752066,Agmat,0,0
100752746,Agmo,0,0
100758206,Agpat1,0,0
100754963,Agpat2,0,0
100754963,Agpat2,0,0
100763383,Agpat3,0,0
100761743,Agpat4,0,0
100757875,Agpat5,0,0
100756809,Agps,1,0
100771278,Agxt,0,0
100759906,Agxt2,0,0
100750969,Ahcy,1,0
100767631,Ahcyl1,1,0
100754476,Ahcyl2,1,0
100689250,Aicda,0,0
100759346,Ak1,0,0
100756723,Ak2,1,0
100756723,Ak2,1,0
100760312,Ak3,0,0
100755987,Ak4,0,0
100761703,Ak5,0,0
100768838,Ak6,1,0
100760489,Ak7,0,0
100767050,Ak8,0,0
100752880,Ak9,0,0
100689106,Akr1a1,0,0
100751272,Akr1b1,0,0
100689318,Akr1b8,0,0
100770348,Akr1d1,0,0
100752314,Alad,1,0
100766370,Alas1,1,0
100753315,Alas2,0,0
100755485,Aldh18a1,0,0
100772304,Aldh1a2,0,0
100768227,Aldh1a3,0,0
100765516,Aldh1b1,0,0
100762089,Aldh1l1,0,0
100772371,Aldh1l2,0,0
100772225,Aldh2,0,0
100763332,Aldh3b2,0,0
100764994,Aldh4a1,0,0
100764462,Aldh5a1,0,0
100754996,Aldh6a1,0,0
100756509,Aldh7a1,0,0
100751303,Aldh8a1,0,0
100758951,Aldh9a1,0,0
100771717,Aldoa,1,0
100755179,Aldob,0,0
100760749,Aldoc,0,0
100773731,Alg1,1,0
100771009,Alg11,1,0
100770096,Alg12,1,0
100754023,Alg13,1,0
100768412,Alg2,1,0
100772003,Alg3,0,0
100769679,Alg5,1,0
100753783,Alg6,0,0
100766150,Alg8,1,0
100755062,Alg9,1,0
100764620,Alox12,0,0
100761707,Alox12b,0,0
100764916,Alox15,0,0
100754473,Alox15b,0,0
100772492,Alox5,0,0
100771587,Alpl,0,0
100774596,Amd1,0,0
100754101,Amdhd1,0,0
100771907,Amdhd2,0,0
100757901,Ampd1,0,0
100774910,Ampd2,0,0
100758386,Ampd3,0,0
100763091,Amt,1,0
100751632,Anpep,0,0
100762572,Anxa3,0,0
100762635,Aoc2,0,0
100762926,Aoc3,0,0
100774834,Apip,0,0
100765665,Aprt,0,0
100773231,Aqp1,0,0
100751558,Aqp10,0,0
100768567,Aqp11,0,0
100773344,Aqp2,0,0
100758981,Aqp3,0,0
100770342,Aqp4,0,0
100773918,Aqp5,0,0
100750886,Aqp6,0,0
100760137,Aqp7,0,0
100762692,Aqp8,0,0
100772598,Aqp9,0,0
100750727,Arg1,0,0
100760459,Arg2,0,0
100754567,Arsa,0,0
100759794,Arsb,0,0
100771068,Asah1,0,0
100765841,Asah2,0,0
100756687,Asl,0,0
100760225,Asns,0,0
100767695,Aspa,0,0
100755598,Aspdh,0,0
100754434,Asrgl1,0,0
100762274,Ass1,0,0
100762274,Ass1,0,0
100764591,Atad1,0,0
100750895,Atic,1,0
100774607,Atp10a,0,0
100767948,Atp10b,0,0
100761170,Atp11a,0,0
100773257,Atp11b,0,0
100773257,Atp11b,0,0
100756336,Atp11c,0,0
100765522,Atp12a,0,0
100771378,Atp1a1,1,0
100763478,Atp1a2,0,0
100758209,Atp1a3,0,0
100763191,Atp1a4,0,0
100760718,Atp1b1,0,0
100757379,Atp1b2,0,0
100765669,Atp1b3,1,0
100756356,Atp2a3,0,0
100764066,Atp2b1,0,0
100759670,Atp2b2,0,0
100753233,Atp2b3,0,0
100764868,Atp2b4,0,0
100765106,Atp2c1,0,0
100772976,Atp2c2,0,0
100767384,Atp4a,0,0
100750430,Atp4b,0,0
100770431,Atp5f1a,1,0
100763024,Atp5f1b,1,0
100766108,Atp5f1d,0,0
100752739,Atp5mc1,0,0
100772366,Atp5mc2,0,0
100754380,Atp5mc3,0,0
100766302,Atp5me,0,0
103160361,Atp5mf,1,0
100757815,Atp5mg,0,0
100774535,Atp5pb,1,0
100771541,Atp5pd,0,0
100756936,Atp5pf,0,0
100770018,Atp5po,0,0
3979188,ATP6,0,0
100760638,Atp6ap1,0,0
100756648,Atp6v0a1,0,0
100766909,Atp6v0a2,0,0
100769769,Atp6v0a4,0,0
100754687,Atp6v0b,1,0
100772184,Atp6v0c,1,0
100762360,Atp6v0d1,1,0
100758035,Atp6v0d2,0,0
100769759,Atp6v0e1,0,0
100768315,Atp6v1a,1,0
100756094,Atp6v1b1,0,0
100774665,Atp6v1b2,1,0
100773930,Atp6v1c1,1,0
100763093,Atp6v1c2,0,0
100762500,Atp6v1d,0,0
100755187,Atp6v1e1,1,0
100765179,Atp6v1e2,0,0
100752884,Atp6v1f,0,0
100774299,Atp6v1g1,0,0
100765359,Atp6v1g2,0,0
100763970,Atp6v1g3,0,0
100754134,Atp6v1h,0,0
100689242,Atp7a,0,0
100770719,Atp7b,0,0
3979187,ATP8,0,0
100756975,Atp8a1,0,0
100756975,Atp8a1,0,0
100756975,Atp8a1,0,0
100763581,Atp8a2,0,0
100763292,Atp8b1,0,0
100751265,Atp8b2,0,0
100757984,Atp8b3,0,0
100759968,Atp8b4,0,0
100765138,Atp9b,0,0
100770122,Atpaf1,0,0
100754752,Atpaf2,1,0
100774025,Auh,0,0
100768365,Awat2,0,0
100774865,Azin2,0,0
100756438,B3galnt1,0,0
100768564,B3galnt2,0,0
100761765,B3galt1,0,0
100766715,B3galt2,0,0
100751197,B3galt4,0,0
100755714,B3galt5,0,0
100767598,B3galt6,0,0
100750701,B3gat1,0,0
100756696,B3gat2,0,0
100689419,B3gat3,0,0
100759864,B3glct,0,0
100766691,B3gnt2,1,0
100773213,B3gnt3,0,0
100769077,B3gnt4,0,0
100757919,B3gnt5,0,0
100768656,B3gnt6,0,0
100760456,B3gnt7,0,0
103160327,B3gnt8,0,0
103159649,B3gnt9,0,0
100751193,B3gntl1,0,0
100764682,B4galnt1,0,0
100760696,B4galnt2,0,0
100689430,B4galt1,0,0
100689434,B4galt2,0,0
100689346,B4galt3,0,0
100689435,B4galt4,0,0
100689347,B4galt5,0,0
100689438,B4galt6,0,0
100769652,B4galt7,0,0
100762253,B4gat1,0,0
100756252,Baat,0,0
100759730,Bbox1,0,0
100763658,Bcat1,0,0
100752344,Bcat2,0,0
100767789,Bche,0,0
100774234,Bckdha,0,0
100774277,Bckdhb,0,0
100760350,Bco1,0,0
100774947,Bco2,0,0
100774340,Bdh1,0,0
100766065,Bdh2,0,0
100754488,Bhmt,0,0
100754773,Bhmt2,0,0
100751522,Blvra,0,0
100768929,Blvrb,0,0
100757548,Bpgm,0,0
100774047,Bpnt1,0,0
100773468,Bst1,0,0
100755324,Btd,0,0
100761169,C1galt1,0,0
100772227,Ca1,0,0
100772435,Ca12,0,0
100771949,Ca13,0,0
100760677,Ca14,0,0
100774844,Ca2,0,0
100774549,Ca3,0,0
100760390,Ca4,0,0
100755419,Ca5a,0,0
100768750,Ca5b,0,0
100754196,Ca6,0,0
100769849,Ca7,0,0
100765172,Ca8,0,0
100765172,Ca8,0,0
100756257,Ca9,0,0
100689232,Cad,1,1
100767250,Cant1,1,0
100765030,Carnmt1,0,0
100765077,Carns1,0,0
100761418,Cars1,1,1
100765566,Cars2,0,0
100766850,Casd1,0,0
100773774,Cat,0,0
100689021,Cbr3,0,0
100758439,Cbr4,0,0
100762141,Cbs,0,0
100773187,Cd38,0,0
100754972,Cda,0,0
100750801,Cdipt,1,1
100760315,Cdo1,0,0
100761973,Cds1,0,0
100761349,Cds2,0,0
100771549,Cel,0,0
100773070,Cept1,1,0
100763715,Cerk,0,0
100765511,Cers1,0,0
100765986,Cers2,0,0
100770521,Cers3,0,0
100758196,Cers4,0,0
100774213,Cers5,0,0
100689038,Cert1,1,0
100756666,Ces2,0,0
100754506,Cftr,0,0
100762824,Ch25h,0,0
100756785,Chat,0,0
100689019,Chcr1,0,0
100689020,Chcr2,0,0
100772204,Chdh,0,0
100750633,Chia,0,0
100750757,Chit1,0,0
100767436,Chka,0,0
100767436,Chka,0,0
100770695,Chkb,0,0
100765856,Chpf,0,0
100760284,Chpf2,0,0
100750762,Chpt1,0,0
100774066,Chst1,0,0
100771304,Chst11,0,0
100762689,Chst12,0,0
100771243,Chst13,0,0
100753239,Chst14,0,0
100767419,Chst2,0,0
100758880,Chst3,0,0
100759418,Chst4,0,0
100770004,Chst6,0,0
103163077,Chst7,0,0
100770803,Chsy1,0,0
100767985,Chsy3,0,0
100774847,Ckb,0,0
100754895,Ckm,0,0
100754659,Ckmt1b,0,0
100752172,Ckmt2,0,0
100760027,Clps,0,0
100772257,Cltrn,0,0
100767276,Clybl,0,0
100689391,Cmah,0,0
100773134,Cmas,1,0
100758717,Cmpk1,0,1
100754791,Cmpk2,0,0
100761203,Cndp1,0,0
100760626,Cndp2,0,0
100753220,Cnp,0,0
100757898,Coasy,1,0
100774081,Colgalt1,0,0
100764465,Colgalt2,0,0
100770626,Comt,0,0
100762102,Comtd1,0,0
100755903,Coq2,1,0
100763494,Coq3,1,0
100750776,Coq5,1,0
100751162,Coq6,1,0
100762279,Coq7,1,0
3979185,COX1,0,0
3979186,COX2,0,0
3979189,COX3,0,0
100753849,Cp,0,0
100772187,Cpox,1,0
100760467,Cps1,0,0
100762166,Cpt1a,0,0
100762166,Cpt1a,0,0
100770034,Cpt1b,0,0
100767138,Cpt1c,0,0
100766757,Cpt2,0,0
100762198,Crat,0,0
100750995,Crot,0,0
100759830,Crppa,0,0
100763866,Cryl1,0,0
100750580,Cs,1,0
100751520,Csad,1,0
100751520,Csad,1,0
100754969,Csgalnact1,1,0
100770830,Csgalnact2,1,0
100752127,Cth,0,0
100689101,Ctps1,1,0
100758964,Ctps2,0,0
100758964,Ctps2,0,0
100772055,Ctsa,0,0
100689034,Cyp2a17,0,0
100689034,Cyp2a17,0,0
100689275,Cyp7a1,0,0
3979182,CYTB,0,0
100773592,D2hgdh,0,0
100767387,Dad1,1,0
100689280,Dao,0,0
100767438,Dars1,1,1
100774650,Dars2,1,0
100761411,Dbh,0,0
100761641,Dbi,0,0
100759055,Dcakd,0,0
100751299,Dck,0,0
100764118,Dct,0,0
100751791,Dctd,0,0
100769832,Dctpp1,0,0
100769825,Dcxr,0,0
100767722,Ddah1,0,0
100761676,Ddah2,0,0
100761742,Ddc,0,0
100773572,Ddo,0,0
100755259,Ddost,1,0
100753128,Decr1,0,0
100759323,Decr2,0,0
100753569,Degs1,0,0
100771298,Degs2,0,0
100750675,Dera,0,0
100755985,Dgat1,0,0
100774981,Dgat2,0,0
100769779,Dgka,0,0
100753343,Dgkb,0,0
100771821,Dgkd,0,0
100765113,Dgke,0,0
100757224,Dgkg,0,0
100769284,Dgkh,0,0
100770430,Dgki,0,0
100755575,Dgkk,0,0
100771387,Dgkq,0,0
100751991,Dgkz,0,0
100769222,Dguok,0,0
100769920,Dhcr24,0,0
100771700,Dhcr7,1,1
100767025,Dhdds,1,0
100753544,Dhdh,0,0
100689028,Dhfr,1,0
100756632,Dhodh,1,1
100755665,Dhps,1,0
100756186,Dhrs3,0,0
100771741,Dhrs9,0,0
100753689,Dhtkd1,0,0
100765192,Dio1,0,0
100774757,Dio2,0,0
100753739,Dio3,0,0
100773493,Dlat,1,0
100689437,Dld,1,0
100758466,Dlst,0,0
100768179,Dmac2l,1,0
100759503,Dmgdh,0,0
100762713,Dnmt1,1,0
100771064,Dnmt3a,0,0
100756461,Dnph1,0,0
100768385,Dolk,1,0
100761712,Dolpp1,0,0
100771005,Dot1l,0,0
100689054,Dpagt1,1,0
100762968,Dpep1,0,0
100689420,Dpm1,0,0
100689294,Dpm2,0,0
100689451,Dpm3,0,0
100765169,Dpyd,0,0
100765169,Dpyd,0,0
100765169,Dpyd,0,0
100752636,Dpys,0,0
100755252,Dtymk,1,1
100774391,Duox1,0,0
100764526,Duox2,0,0
100770939,Dusp11,0,0
100761578,Dut,1,0
100765390,Ears2,1,0
100765639,Ebp,1,1
100768055,Ech1,0,0
100754654,Echs1,0,0
100774222,Eci1,0,0
100763456,Eci2,0,0
100689276,Eef1a1,1,0
100760295,Eef1a2,0,0
100753925,Eef1b2,0,1
100755894,Eef1d,0,1
100689310,Eef1e1,1,1
100753545,Eef1g,1,1
100689051,Eef2,1,1
100754698,Ehhadh,0,0
100754544,Ehmt1,0,0
100769417,Ehmt2,0,0
100752118,Eif3a,1,1
100762979,Eif3b,1,1
100771190,Eif3e,1,1
100769028,Eif3f,1,1
100763004,Eif3g,1,1
100751998,Eif3h,1,1
100753319,Eif3i,1,1
100766600,Eif3k,1,1
100753359,Eif3l,1,1
100768213,Eif3m,1,1
100762873,Eif4a1,0,0
100763323,Eif4a2,0,0
100757133,Eif4a3,1,0
100758911,Eif4b,0,1
100773768,Eif4e,0,1
100766778,Eif4e1b,0,1
100764716,Eif4e2,0,1
100759947,Eif4e3,0,1
100769654,Eif4ebp1,0,1
100768613,Eif4ebp2,0,1
100752954,Eif4ebp3,0,1
100770567,Eif4g1,1,0
100758677,Eif4g2,1,0
100765660,Eif4g3,0,0
100770352,Eif4h,0,1
100767465,Elovl1,0,0
100764278,Elovl2,0,0
100774317,Elovl3,0,0
100774858,Elovl4,0,0
100753555,Elovl5,0,0
100754940,Elovl7,0,0
100754028,Engase,0,0
100758414,Eno2,0,0
100771169,Eno3,0,0
100767312,Enoph1,0,0
100750518,Enpp1,0,0
100755955,Enpp2,0,0
100751104,Enpp3,0,0
100751104,Enpp3,0,0
100763274,Enpp4,0,0
100757074,Enpp6,0,0
100755684,Enpp7,0,0
100762593,Entpd1,0,0
100771642,Entpd2,0,0
100772668,Entpd3,0,0
100771637,Entpd4,0,0
100751454,Entpd5,0,0
100765414,Entpd6,0,0
100755122,Entpd8,0,0
100757071,Eogt,0,0
100757328,Ephx2,1,0
100751071,Epx,0,0
100774799,Esd,0,0
100758144,Etfa,0,0
100753078,Etfb,0,0
100763190,Etfdh,0,0
100769786,Ethe1,0,0
100765795,Etnk1,1,0
100766811,Etnk2,0,0
100753688,Etnppl,0,0
100689334,Ext1,0,0
100751585,Ext2,0,0
100770000,Extl1,0,0
100761218,Extl2,0,0
100751999,Extl3,0,0
100758055,Ezh2,0,0
100771171,Faah,0,0
100769104,Fabp1,0,0
100754164,Fabp2,0,0
100761139,Fabp3,0,0
100760812,Fabp4,0,0
100762553,Fabp5,0,0
100767370,Fabp6,0,0
100752143,Fabp7,0,0
100757464,Fads2,0,0
100757171,Fads3,0,0
100772984,Fads6,0,0
100757944,Fah,0,0
100757944,Fah,0,0
100766004,Fahd1,0,0
100761130,Fars2,1,0
100763673,Farsa,1,1
100760139,Farsb,1,0
100689207,Fasn,1,0
100767373,Faxdc2,0,0
100752219,Fcsk,0,0
100689192,Fdft1,1,1
100754883,Fdps,1,1
100751853,Fdx1,0,0
100773278,Fdxr,0,0
100764152,Fech,0,0
100763881,Fggy,0,0
100773218,Fh,1,0
100755382,Fhit,1,0
100772123,Fig4,0,0
100761516,Fktn,0,0
100774575,Flad1,1,0
100766724,Flvcr1,1,0
100750993,Fmo1,0,0
100753345,Fmo2,0,0
100753048,Fmo4,0,0
100750494,Fmo5,0,0
100689330,Folr1,1,0
103159499,Fosl1,0,0
100689022,Fpgs,0,0
100769105,Fpgt,0,0
100756307,Frrs1,0,0
100754097,Ftcd,0,0
100689102,Fth1,0,0
100753846,Ftl,0,0
100752441,Fuca1,0,0
100756134,Fuca2,0,0
100689278,Fut,0,0
100757047,Fut1,0,0
100760260,Fut10,0,0
100758336,Fut11,0,0
100751185,Fut2,0,0
100754814,Fut4,0,0
100772214,Fut7,0,0
100751648,Fut8,0,0
100689036,Fut9,0,0
100763214,G6pc1,0,0
100762184,G6pc2,0,0
100753219,G6pc3,0,0
100689469,G6pd,0,0
100755105,Gaa,0,0
100765882,Gad1,0,0
100757642,Gad2,0,0
100756367,Gal3st1,0,0
100755837,Gal3st2,0,0
100751905,Galc,0,0
100757135,Galk1,1,0
100752083,Galk2,0,0
100756945,Galm,0,0
100753973,Galns,0,0
100763868,Galnt1,0,0
100768523,Galnt10,0,0
100758359,Galnt11,0,0
100772146,Galnt12,0,0
100768831,Galnt13,0,0
100759781,Galnt14,0,0
100766936,Galnt15,0,0
100764829,Galnt16,0,0
100750837,Galnt17,0,0
100767393,Galnt18,0,0
100767525,Galnt2,0,0
100753226,Galnt3,0,0
100757219,Galnt5,0,0
100751126,Galnt6,0,0
100751126,Galnt6,0,0
100762043,Galnt7,0,0
100764127,Galnt8,0,0
100773797,Galnt9,0,0
100761752,Galntl6,0,0
100752522,Galt,0,0
100755964,Gamt,0,0
100752162,Ganab,1,0
100770033,Ganc,0,0
100736557,Gapdh,1,0
100767862,Gapdhs,1,0
100751073,Gars1,1,1
100689446,Gart,1,0
100771783,Gatm,0,0
100756635,Gba1,0,0
100772646,Gba2,0,0
100772279,Gbe1,0,1
100771256,Gbgt1,1,0
100763450,Gc,0,0
100752849,Gcat,0,0
100757019,Gcdh,0,0
100750667,Gch1,0,0
100763110,Gck,0,0
100752019,Gclc,1,0
100750530,Gclm,0,0
100767124,Gcnt1,0,0
100774815,Gcnt3,0,0
100757239,Gcnt4,0,0
100765652,Gcsh,0,0
100760443,Gda,0,0
100750723,Gde1,0,0
100772319,Gdpgp1,0,0
100767191,Gfpt2,0,0
100689348,Gfus,0,0
100774679,Ggct,0,0
100751581,Ggh,0,0
100767405,Ggps1,1,0
100763802,Ggt1,0,0
100764088,Ggt5,0,0
100758668,Ggt6,0,0
100752303,Ggt7,0,0
100753140,Gk,0,0
100770084,Gk2,0,0
100752709,Gla,0,0
100767446,Glb1,0,0
100768265,Glb1l,0,0
100754874,Glce,0,0
100762555,Gldc,0,0
100764266,Glo1,0,0
100757688,Glrx,0,0
100766426,Glrx2,0,0
100689202,Gls,0,0
100774486,Gls2,0,0
100759948,Glud1,0,0
100764163,Glul,0,0
100766079,Glyctk,1,0
100759507,Gm2a,0,0
100689436,Gmds,0,0
100765276,Gmppa,0,0
100760573,Gmppb,1,0
100765304,Gmpr,0,0
100758075,Gmpr2,0,0
100756126,Gmps,1,1
100689450,Gne,1,0
100765024,Gnpat,1,0
100689210,Gnpda1,0,0
100761133,Gnpda2,0,0
100761974,Gnpnat1,1,0
100774953,Gnptab,0,0
100772246,Gnptg,0,0
100770659,Gns,0,0
100762297,Got1,0,0
100750547,Got1l1,0,0
100762838,Got2,0,0
100766326,Gpaa1,0,0
100760138,Gpam,0,0
100750356,Gpat2,0,0
100758424,Gpat3,0,0
100751939,Gpat4,0,0
100772527,Gpcpd1,0,0
100772179,Gpd1,0,0
100773663,Gpd1l,1,0
100766128,Gpd2,0,0
100689468,Gpi,0,0
100760506,Gpt,0,0
100768176,Gpt2,0,0
100771188,Gpx1,0,0
100751356,Gpx2,0,0
100764638,Gpx3,0,0
100765235,Gpx4,0,0
100766810,Gpx5,0,0
100766519,Gpx6,0,0
100756109,Gpx7,0,0
100752744,Grhpr,0,0
100757970,Gsr,0,0
100753200,Gss,0,0
100758427,Gsto1,0,0
100689311,Gstp1,0,0
100764455,Gstz1,0,0
100768699,Gucy1a1,0,0
100769238,Gucy1a2,0,0
100772822,Gucy1b1,0,0
100757969,Gucy2c,0,0
100754759,Gucy2d,0,0
100770439,Guk1,1,1
100757362,Gusb,0,0
100760543,Gxylt1,0,0
100758512,Gxylt2,0,0
100751671,Gyg1,0,1
100769788,Gys1,0,0
100770628,Gys2,0,0
100770090,H6pd,0,0
100759566,Haao,0,0
100772448,Hacd1,0,0
100765668,Hacd2,1,0
100752449,Hacd3,0,0
100774830,Hacd4,0,0
100767514,Hacl1,0,0
100761491,Hadh,0,0
100761491,Hadh,0,0
100757947,Hadha,0,0
100758239,Hadhb,0,0
100765715,Hagh,0,0
100772931,Haghl,0,0
100753802,Hal,0,0
100771827,Hao1,0,0
100773170,Hao2,0,0
100757635,Hars1,1,1
100757923,Hars2,1,0
100751055,Has2,0,0
100751055,Has2,0,0
100757895,Has3,0,0
100753889,Hdc,0,0
100764720,Hddc3,0,0
100753439,Heph,0,0
100750552,Hexa,0,0
100773287,Hexd,0,0
100762426,Hgd,0,0
100752593,Hgsnat,1,0
100760581,Hibadh,0,0
100759780,Hibch,0,0
100765413,Hk1,0,0
100772205,Hk2,0,0
100765901,Hk3,0,0
100765703,Hkdc1,0,0
100752840,Hlcs,0,0
100757819,Hmbs,1,0
100755385,Hmgcl,0,0
100763147,Hmgcll1,0,0
100756363,Hmgcr,1,1
100762235,Hmgcs1,1,0
100774684,Hmgcs2,0,0
100756872,Hmox1,0,0
100773727,Hmox2,0,0
100759109,Hoga1,0,0
100768220,Hpd,0,0
100752686,Hpdl,0,0
100755116,Hpgd,0,0
100768035,Hpgds,0,0
100769768,Hprt1,0,0
100755610,Hpse,0,0
100759378,Hs3st1,0,0
100765580,Hs3st2,0,0
100763965,Hs3st5,0,0
100766299,Hs3st6,0,0
100689173,Hs6st1,0,0
100763313,Hs6st2,0,0
100765877,Hs6st3,0,0
100762502,Hsd11b1,0,0
100766725,Hsd11b2,0,0
100750866,Hsd17b1,0,0
100757689,Hsd17b10,1,0
100751291,Hsd17b12,0,0
100751897,Hsd17b2,0,0
100767644,Hsd17b3,0,0
103161104,Hsd17b4,1,0
100767580,Hsd17b7,1,1
100766230,Hsd17b8,0,0
100754260,Hsd3b7,0,0
100752718,Hyal1,0,0
100752414,Hyal2,0,0
100753318,Hyal3,0,0
100758272,Hyal4,0,0
100774763,Hyi,0,0
100756410,Hykk,0,0
100754316,Iars1,1,1
100758227,Iars2,1,0
100758958,Idh1,0,0
103158535,Idh2,0,0
100754480,Idh3a,0,0
100771661,Idh3b,0,0
100751753,Idh3g,1,0
100752366,Idi1,1,0
100752668,Idi2,0,0
100763818,Idnk,0,0
100754402,Ido1,0,0
100754111,Ido2,0,0
100763345,Ids,0,0
100767663,Idua,0,0
100773063,Il4i1,1,0
100760520,Impa1,0,0
100763112,Impa2,0,0
100760550,Impdh1,0,0
100689398,Impdh2,1,0
100773805,Inmt,0,0
107977052,Inpp1,0,0
100767245,Inpp4a,0,0
100771589,Inpp4b,0,0
100760037,Inpp5a,0,0
100751850,Inpp5b,0,0
100764735,Inpp5d,0,0
100759837,Inpp5e,0,0
100761777,Inpp5j,0,0
100764873,Inpp5k,0,0
100772102,Inppl1,0,0
100760280,Ip6k1,0,0
100759816,Ip6k2,0,0
100772883,Ip6k3,0,0
100772629,Ipmk,0,0
100755765,Ippk,0,0
100767831,Isyna1,0,1
100768122,Itpa,0,0
100768438,Itpk1,0,0
100772914,Itpka,0,0
100774983,Itpkb,0,0
100770355,Itpkc,0,0
100759847,Ivd,0,0
100766627,Kars1,1,1
100764690,Kcnj11,0,0
100770058,Kcnj8,0,0
100774578,Kdsr,1,1
100763359,Khk,0,0
100772925,Kmo,0,0
100760424,Kmt2a,1,0
100767367,Kmt2c,0,0
100756731,Kmt2e,0,0
100774411,Kmt5a,1,0
100754505,Kpna6,0,0
100769821,Kyat1,0,0
100771070,Kyat3,0,0
100771070,Kyat3,0,0
100768751,L2hgdh,0,0
100764709,L3hypdh,0,0
100758724,Lalba,0,0
100768932,Lap3,0,0
100765249,Large1,0,0
100750932,Large2,0,0
100764360,Lars1,1,1
100758963,Lars2,1,0
100751451,Lcat,0,0
100753881,Lclat1,0,0
100766856,Lct,0,0
100689064,Ldha,0,0
100770347,Ldhb,0,0
100769710,Ldhd,0,0
100762397,Lfng,0,0
100771604,Lhpp,0,0
100757956,Lias,1,0
100759060,Lipa,0,0
100756973,Lipc,0,0
100761374,Lipf,0,0
100766418,Lipg,0,0
100756678,Lipt2,1,0
100689337,LOC100689337,0,0
100750340,LOC100750340,0,0
100750437,LOC100750437,0,0
100750501,LOC100750501,0,0
100750508,LOC100750508,0,0
100750542,LOC100750542,0,0
100750542,LOC100750542,0,0
100750743,LOC100750743,0,0
100750743,LOC100750743,0,0
100750743,LOC100750743,0,0
100750822,LOC100750822,0,0
100750903,LOC100750903,0,0
100750926,LOC100750926,0,0
100750935,LOC100750935,0,0
100751196,LOC100751196,0,0
100751202,LOC100751202,0,0
100751227,LOC100751227,0,0
100751269,LOC100751269,0,0
100751280,LOC100751280,0,0
100751325,LOC100751325,0,0
100751331,LOC100751331,0,0
100751499,LOC100751499,1,0
100751584,LOC100751584,0,0
100751590,LOC100751590,0,0
100751624,LOC100751624,0,0
100751672,LOC100751672,0,0
100751684,LOC100751684,0,0
100751727,LOC100751727,0,0
100751755,LOC100751755,0,0
100751774,LOC100751774,0,0
100751798,LOC100751798,0,0
100751871,LOC100751871,0,0
100751894,LOC100751894,0,0
100751913,LOC100751913,0,0
100752205,LOC100752205,0,0
100752211,LOC100752211,0,0
100752270,LOC100752270,0,0
100752294,LOC100752294,0,0
100752294,LOC100752294,0,0
100752599,LOC100752599,0,0
100752606,LOC100752606,0,0
100752607,LOC100752607,0,0
100752832,LOC100752832,0,0
100752856,LOC100752856,0,0
100753123,LOC100753123,0,0
100753143,LOC100753143,0,0
100753164,LOC100753164,0,0
100753186,LOC100753186,0,0
100753207,LOC100753207,0,0
100753222,LOC100753222,0,0
100753466,LOC100753466,0,0
100753522,LOC100753522,0,0
100753681,LOC100753681,0,0
100753866,LOC100753866,1,0
100753943,LOC100753943,0,0
100754039,LOC100754039,0,0
100754088,LOC100754088,0,0
100754177,LOC100754177,0,0
100754462,LOC100754462,0,0
100754527,LOC100754527,0,0
100754671,LOC100754671,0,0
100754734,LOC100754734,0,0
100754792,LOC100754792,0,0
100754813,LOC100754813,0,0
100755018,LOC100755018,0,0
100755056,LOC100755056,0,0
100755162,LOC100755162,0,0
100755207,LOC100755207,0,0
100755213,LOC100755213,0,0
100755384,LOC100755384,0,0
100755423,LOC100755423,0,0
100755503,LOC100755503,0,0
100755549,LOC100755549,0,0
100755596,LOC100755596,0,0
100755639,LOC100755639,0,0
100755796,LOC100755796,0,0
100755851,LOC100755851,0,0
100756118,LOC100756118,0,0
100756154,LOC100756154,0,0
100756398,LOC100756398,1,0
100756470,LOC100756470,0,0
100756511,LOC100756511,0,0
100756511,LOC100756511,0,0
100756512,LOC100756512,0,0
100756540,LOC100756540,0,0
100756550,LOC100756550,0,0
100756617,LOC100756617,0,0
100756663,LOC100756663,0,0
100756717,LOC100756717,0,0
100756717,LOC100756717,0,0
100756805,LOC100756805,1,0
100756805,LOC100756805,1,0
100756951,LOC100756951,0,0
100757022,LOC100757022,0,0
100757101,LOC100757101,0,0
100757262,LOC100757262,0,0
100757371,LOC100757371,0,0
100757463,LOC100757463,0,0
100757466,LOC100757466,0,0
100757658,LOC100757658,0,0
100758120,LOC100758120,0,0
100758204,LOC100758204,0,0
100758278,LOC100758278,0,0
100758278,LOC100758278,0,0
100758335,LOC100758335,0,0
100758335,LOC100758335,0,0
100758361,LOC100758361,0,0
100758392,LOC100758392,0,0
100758590,LOC100758590,0,0
100758673,LOC100758673,0,0
100758683,LOC100758683,0,0
100758718,LOC100758718,0,0
100758725,LOC100758725,0,0
100758878,LOC100758878,0,0
100758921,LOC100758921,0,0
100758921,LOC100758921,0,0
100758980,LOC100758980,0,0
100758983,LOC100758983,0,0
100759002,LOC100759002,1,0
100759021,LOC100759021,0,0
100759100,LOC100759100,0,0
100759137,LOC100759137,0,0
100759157,LOC100759157,0,0
100759241,LOC100759241,0,0
100759281,LOC100759281,0,0
100759306,LOC100759306,0,0
100759356,LOC100759356,0,0
100759406,LOC100759406,0,0
100759490,LOC100759490,0,1
100759549,LOC100759549,1,0
100759594,LOC100759594,0,0
100759668,LOC100759668,0,0
100759779,LOC100759779,0,0
100759779,LOC100759779,0,0
100759795,LOC100759795,0,0
100759799,LOC100759799,0,0
100759832,LOC100759832,0,1
100759869,LOC100759869,0,0
100759874,LOC100759874,0,0
100759957,LOC100759957,0,0
100760000,LOC100760000,1,0
100760081,LOC100760081,0,0
100760123,LOC100760123,0,0
100760161,LOC100760161,0,0
100760212,LOC100760212,0,0
100760306,LOC100760306,0,0
100760372,LOC100760372,0,0
100760504,LOC100760504,0,0
100760537,LOC100760537,0,0
100760661,LOC100760661,0,0
100760748,LOC100760748,0,0
100760811,LOC100760811,0,0
100760815,LOC100760815,0,0
100760824,LOC100760824,1,0
100761051,LOC100761051,0,0
100761083,LOC100761083,0,0
100761248,LOC100761248,0,0
100761300,LOC100761300,0,0
100761323,LOC100761323,0,0
100761433,LOC100761433,0,0
100761464,LOC100761464,0,0
100761464,LOC100761464,0,0
100761465,LOC100761465,0,0
100761577,LOC100761577,0,0
100761654,LOC100761654,0,0
100761706,LOC100761706,0,0
100761725,LOC100761725,0,0
100761903,LOC100761903,0,0
100762019,LOC100762019,0,0
100762019,LOC100762019,0,0
100762108,LOC100762108,0,0
100762108,LOC100762108,0,0
100762115,LOC100762115,0,0
100762147,LOC100762147,0,0
100762189,LOC100762189,1,1
100762374,LOC100762374,0,0
100762380,LOC100762380,0,0
100762406,LOC100762406,0,0
100762413,LOC100762413,0,0
100762413,LOC100762413,0,0
100762656,LOC100762656,0,0
100762701,LOC100762701,0,0
100762963,LOC100762963,0,0
100763079,LOC100763079,1,0
100763175,LOC100763175,1,0
100763224,LOC100763224,0,0
100763430,LOC100763430,0,0
100763432,LOC100763432,0,0
100763438,LOC100763438,0,0
100763488,LOC100763488,0,0
100763538,LOC100763538,0,0
100763623,LOC100763623,0,0
100763873,LOC100763873,0,0
100763954,LOC100763954,0,0
100764001,LOC100764001,0,0
100764057,LOC100764057,0,0
100764157,LOC100764157,0,0
100764431,LOC100764431,0,0
100764593,LOC100764593,0,0
100764600,LOC100764600,0,0
100764866,LOC100764866,0,0
100765093,LOC100765093,0,0
100765177,LOC100765177,0,0
100765247,LOC100765247,0,0
100765294,LOC100765294,0,0
100765484,LOC100765484,0,0
100765484,LOC100765484,0,0
100765573,LOC100765573,0,0
100765588,LOC100765588,0,0
100765627,LOC100765627,0,0
100765635,LOC100765635,0,1
100765707,LOC100765707,0,0
100765755,LOC100765755,0,0
100765757,LOC100765757,0,0
100765774,LOC100765774,0,0
100765800,LOC100765800,0,0
100765891,LOC100765891,0,0
100765914,LOC100765914,0,0
100766032,LOC100766032,1,0
100766093,LOC100766093,0,0
100766101,LOC100766101,0,1
100766318,LOC100766318,0,0
100766341,LOC100766341,0,0
100766524,LOC100766524,0,0
100766566,LOC100766566,0,0
100766566,LOC100766566,0,0
100766632,LOC100766632,0,0
100766772,LOC100766772,0,0
100766805,LOC100766805,1,0
100766809,LOC100766809,1,0
100766959,LOC100766959,0,0
100766960,LOC100766960,0,0
100767001,LOC100767001,0,0
100767061,LOC100767061,0,0
100767149,LOC100767149,0,0
100767292,LOC100767292,0,0
100767351,LOC100767351,0,0
100767354,LOC100767354,0,0
100767354,LOC100767354,0,0
100767633,LOC100767633,0,0
100767638,LOC100767638,0,0
100767638,LOC100767638,0,0
100767691,LOC100767691,0,0
100767729,LOC100767729,0,0
100767739,LOC100767739,0,0
100767807,LOC100767807,0,0
100767827,LOC100767827,0,0
100767827,LOC100767827,0,0
100767921,LOC100767921,0,0
100768089,LOC100768089,0,0
100768142,LOC100768142,0,0
100768211,LOC100768211,0,0
100768251,LOC100768251,0,0
100768312,LOC100768312,0,0
100768321,LOC100768321,1,0
100768367,LOC100768367,0,0
100768457,LOC100768457,0,0
100768654,LOC100768654,0,0
100768776,LOC100768776,1,0
100768783,LOC100768783,0,0
100768815,LOC100768815,0,0
100768882,LOC100768882,0,0
100769017,LOC100769017,0,0
100769024,LOC100769024,0,0
100769255,LOC100769255,0,0
100769454,LOC100769454,0,0
100769497,LOC100769497,0,0
100769497,LOC100769497,0,0
100769515,LOC100769515,0,0
100769555,LOC100769555,0,0
100769585,LOC100769585,0,0
100769643,LOC100769643,0,0
100769680,LOC100769680,0,0
100769865,LOC100769865,0,0
100769978,LOC100769978,0,0
100770100,LOC100770100,0,0
100770570,LOC100770570,0,0
100770573,LOC100770573,0,0
100770644,LOC100770644,0,0
100770670,LOC100770670,1,0
100770821,LOC100770821,0,0
100770922,LOC100770922,0,0
100770995,LOC100770995,0,0
100771066,LOC100771066,1,0
100771073,LOC100771073,0,0
100771114,LOC100771114,0,0
100771204,LOC100771204,0,0
100771382,LOC100771382,0,0
100771448,LOC100771448,0,0
100771448,LOC100771448,0,0
100771461,LOC100771461,0,0
100771487,LOC100771487,0,0
100771510,LOC100771510,0,0
100771648,LOC100771648,0,0
100771752,LOC100771752,0,0
100771780,LOC100771780,0,0
100771787,LOC100771787,0,0
100772358,LOC100772358,0,0
100772471,LOC100772471,0,0
100772588,LOC100772588,0,0
100772647,LOC100772647,0,0
100772751,LOC100772751,0,0
100772782,LOC100772782,0,0
100772859,LOC100772859,0,0
100773005,LOC100773005,0,0
100773095,LOC100773095,0,0
100773221,LOC100773221,0,0
100773299,LOC100773299,0,0
100773414,LOC100773414,0,0
100773433,LOC100773433,0,0
100773523,LOC100773523,0,0
100773531,LOC100773531,0,0
100773614,LOC100773614,0,0
100773644,LOC100773644,1,0
100773723,LOC100773723,0,0
100773795,LOC100773795,0,0
100773890,LOC100773890,0,0
100773906,LOC100773906,0,0
100774067,LOC100774067,0,0
100774089,LOC100774089,0,0
100774126,LOC100774126,0,0
100774126,LOC100774126,0,0
100774248,LOC100774248,0,0
100774258,LOC100774258,0,0
100774258,LOC100774258,0,0
100774281,LOC100774281,0,0
100774306,LOC100774306,0,0
100774512,LOC100774512,0,0
100774576,LOC100774576,0,0
100774594,LOC100774594,0,0
100774725,LOC100774725,0,0
100774773,LOC100774773,0,0
100774785,LOC100774785,0,0
100775032,LOC100775032,0,0
102495669,LOC102495669,0,0
103158569,LOC103158569,0,0
103158658,LOC103158658,0,0
103158988,LOC103158988,0,0
103159001,LOC103159001,0,0
103159036,LOC103159036,0,0
103159083,LOC103159083,0,0
103159932,LOC103159932,0,0
103159960,LOC103159960,0,1
103159994,LOC103159994,0,0
103160009,LOC103160009,0,0
103160345,LOC103160345,0,0
103160379,LOC103160379,0,0
103160380,LOC103160380,0,0
103160952,LOC103160952,0,0
103161085,LOC103161085,0,0
103161689,LOC103161689,0,0
103161711,LOC103161711,0,0
103162307,LOC103162307,0,0
103162531,LOC103162531,0,0
103162985,LOC103162985,0,0
103163008,LOC103163008,0,0
103163165,LOC103163165,0,1
103163173,LOC103163173,0,0
103163344,LOC103163344,0,0
103163371,LOC103163371,1,0
103163585,LOC103163585,0,0
103164123,LOC103164123,0,0
107977023,LOC107977023,0,0
107977047,LOC107977047,0,0
107977131,LOC107977131,0,0
107977136,LOC107977136,0,0
107978331,LOC107978331,0,0
107980432,LOC107980432,0,0
100772716,Lpcat2,0,0
100768200,Lpcat3,0,0
100770825,Lpcat4,0,0
100751009,Lpgat1,0,0
100689191,Lpl,0,0
100751941,Lpo,0,0
100769559,Lrat,0,0
100772030,Lrp2,0,0
100753498,Lss,1,1
100753500,Lta4h,0,0
100755288,Lypla1,0,0
100764570,Magt1,0,0
100767553,Man1a1,0,0
100770527,Man1a2,0,0
100761494,Man1c1,0,0
100757006,Man2a1,0,0
100764014,Man2a2,0,0
100766505,Man2b1,0,0
100770115,Man2b2,0,0
100761822,Man2c1,0,0
103158768,Manba,0,0
100682532,Manea,0,0
100759648,Maob,0,0
100756755,Mars1,0,1
100771401,Mars2,1,0
100758089,Mat1a,0,0
100752327,Mat2a,1,0
100772831,Mat2b,0,0
100754943,Mboat1,0,0
100766440,Mboat7,0,0
100770744,Mcat,0,0
100771229,Mccc1,1,0
100756739,Mccc2,0,0
100763022,Mcee,0,0
100762628,Mcu,0,0
100765870,Mcub,0,0
100764352,Mdh1,0,0
100756246,Mdh1b,0,0
100763194,Mdh2,0,0
100767908,Me1,0,0
100771311,Me2,0,0
100764482,Me3,0,0
100764482,Me3,0,0
100767445,Mecr,1,0
100762875,Mfng,0,0
100774195,Mfsd2a,0,0
100761245,Mfsd2b,0,0
100769016,Mgam,0,0
100769303,Mgam2,0,0
100682529,Mgat1,1,0
100753385,Mgat2,0,0
100689076,Mgat3,0,0
100766200,Mgat4a,0,0
100768637,Mgat4b,0,0
100760589,Mgat4c,0,0
100774333,Mgat4d,0,0
100760162,Mgat5,0,0
100771275,Mgat5b,0,0
100767455,Mgll,0,0
100764249,Mgst2,0,0
100759236,Mgst3,0,0
100759230,Micu1,0,0
100763005,Micu2,0,0
100766430,Minpp1,0,0
100756277,Miox,0,0
100759191,Mlycd,0,0
100772148,Mmaa,0,0
100751940,Mmab,0,0
100764155,Mmgt1,0,0
100765277,Mmut,0,0
100761111,Mogat1,0,0
100766858,Mogat2,0,0
100769277,Mogat3,0,0
100689098,Mogs,1,0
100758693,Moxd1,0,0
100756279,Mpc1,0,0
100766986,Mpc2,0,0
100764596,Mpi,1,0
100752227,Mpo,0,0
100763920,Mpst,0,0
100765916,Mri1,0,0
100757939,Mrpl58,1,0
100759806,Mrs2,0,0
100754784,Msmo1,1,0
100761485,Mtap,0,0
100751376,Mtfmt,0,0
100763862,Mthfd1,1,0
100767336,Mthfd1l,1,0
100770086,Mthfd2,1,0
100774930,Mthfr,0,0
100758328,Mthfs,0,0
100754286,Mtmr14,0,0
100750781,Mtmr3,0,0
100766683,Mtmr6,0,0
100766683,Mtmr6,0,0
100751422,Mtmr7,0,0
100763416,Mtr,1,0
100766541,Mvd,1,1
100751653,Mvk,1,1
100773449,Mxra8,0,0
100758378,Mybbp1a,0,1
100774782,Naa10,0,0
100755696,Nadk,1,0
100773611,Nadk2,1,0
100771407,Nadsyn1,0,0
100751670,Naga,0,0
100758117,Nagk,0,0
100757611,Naglu,0,0
100774024,Nagpa,0,0
100752620,Nags,0,0
100767492,Nampt,1,0
100764540,Nanp,0,0
100767837,Nans,0,0
100756372,Naprt,0,0
100764751,Nars1,1,1
100771333,Nars2,1,0
100769399,Nat8l,0,0
100767494,Naxd,0,0
100762326,Naxe,0,0
3979183,ND1,0,0
3979184,ND2,0,0
3979190,ND3,0,0
3979179,ND4,0,0
3979178,ND4L,0,0
3979180,ND5,0,0
3979181,ND6,0,0
100766710,Ndst1,0,0
100758914,Ndst2,0,0
100689328,Ndufa1,0,0
100767451,Ndufa10,1,0
100772543,Ndufa11,1,0
100757306,Ndufa12,0,0
100762893,Ndufa13,1,0
100754444,Ndufa2,1,0
100764988,Ndufa3,0,0
100766611,Ndufa4,0,0
100755007,Ndufa4l2,0,0
100760870,Ndufa5,0,0
100750797,Ndufa6,1,0
100755602,Ndufa7,0,0
100770579,Ndufa8,0,0
100773563,Ndufa9,1,0
100765100,Ndufab1,0,0
100764109,Ndufaf3,0,0
100768936,Ndufaf4,0,0
100770742,Ndufaf5,1,0
103162917,Ndufaf6,1,0
100756458,Ndufaf7,1,0
100754681,Ndufb10,1,0
100689361,Ndufb11,1,0
100774095,Ndufb2,1,0
100757431,Ndufb3,0,0
100762129,Ndufb4,0,0
100757916,Ndufb5,1,0
100765445,Ndufb6,1,0
100754222,Ndufb7,1,0
100752642,Ndufb8,1,0
100766880,Ndufc1,1,0
100766442,Ndufc2,1,0
100754223,Ndufs1,1,0
100768067,Ndufs2,1,0
100761333,Ndufs3,0,0
100773999,Ndufs4,0,0
100770445,Ndufs5,0,0
100751523,Ndufs6,0,0
100766693,Ndufs7,1,0
100755890,Ndufs8,0,0
100757245,Ndufv1,1,0
100757242,Ndufv2,1,0
100761076,Ndufv3,0,0
100689373,Neu1,0,0
100689301,Neu2,0,0
100689090,Neu3,0,0
100774175,Neu4,0,0
100756446,Nit2,0,0
100752009,Nme3,0,0
100757593,Nme4,0,0
100774762,Nme5,0,0
100763307,Nme6,1,0
100762945,Nme7,0,0
100771233,Nmnat1,0,0
100761270,Nmnat2,0,0
103160971,Nmnat3,0,0
100773335,Nmrk2,0,0
100767696,Nnmt,0,0
100764271,Nnt,0,0
100758127,Nos1,0,0
100760062,Nos2,0,0
100769961,Nos3,0,0
100770704,Nox1,0,0
100772029,Nox3,0,0
100754626,Nox4,0,0
100751678,Noxa1,0,0
100766881,Noxo1,0,0
100766218,Npl,0,0
100752423,Npr1,0,0
100772356,Npr2,0,0
100774587,Npr3,0,0
100760905,Nqo1,0,0
100764429,Nsdhl,0,0
100757075,Nt5c,0,0
100772070,Nt5c1a,0,0
100755966,Nt5c1b,0,0
100765193,Nt5c2,0,0
100768928,Nt5c3a,0,0
100773030,Nt5c3b,0,0
100759374,Nt5e,0,0
100767091,Nt5m,0,0
100763065,Ntpcr,0,0
100751938,Nudt12,0,0
100770798,Nudt14,0,0
100768978,Nudt16,0,0
100769146,Nudt2,0,0
100753131,Nudt4,0,0
100772118,Nudt5,0,0
100766764,Nudt9,0,0
100771896,Oat,0,0
100774848,Ocrl,0,0
100751960,Odc1,0,0
100764862,Ogdh,1,0
100769436,Ogdhl,1,0
100768670,Ogt,1,0
100755723,Olah,0,0
100752451,Oplah,1,0
100761890,Otc,0,0
100766113,Oxct1,0,0
100769182,Oxsm,0,0
100757890,P4ha1,0,0
100760683,P4ha2,0,0
100766769,P4ha3,0,0
100689433,P4hb,0,0
100764774,Pafah1b1,1,0
100756174,Pafah1b3,0,0
100770286,Pafah2,0,0
100774376,Pah,0,0
100758991,Paics,1,0
100768798,Pank1,0,0
100773397,Pank2,0,0
100767141,Pank3,0,0
100768771,Pank4,0,0
100760982,Papola,0,1
100760363,Papolb,0,1
100760680,Papolg,0,1
100764888,Papss2,0,0
100751506,Pars2,1,0
100758970,Pc,1,0
100767749,Pcbd1,1,0
100762703,Pcbd2,1,0
100765530,Pcca,1,0
100759926,Pccb,1,0
100758749,Pck1,1,0
100762618,Pck2,1,0
100689303,Pcyt1a,1,0
100770553,Pcyt1b,1,0
100756894,Pcyt2,1,0
100751551,Pde10a,0,0
100762910,Pde1a,0,0
100689193,Pde1b,0,0
100774969,Pde1c,0,0
100750420,Pde2a,0,0
100774584,Pde3a,0,0
100775064,Pde3b,0,0
100759696,Pde4a,0,0
100774886,Pde4b,0,0
100770327,Pde4c,0,0
100754362,Pde4d,0,0
100755315,Pde5a,0,0
100762641,Pde6a,0,0
100766007,Pde6b,0,0
100752813,Pde6c,0,0
100762580,Pde6d,0,0
100764811,Pde6g,0,0
100760222,Pde7a,0,0
100753277,Pde7b,0,0
100759944,Pde8a,0,0
100755939,Pde8b,0,0
100765436,Pde9a,0,0
100774853,Pdha1,1,0
100774878,Pdhb,1,0
100750352,Pdhx,0,0
100772754,Pdss1,1,0
100768592,Pdss2,1,0
100768396,Pdxk,0,0
100755599,Pdxp,0,0
100757202,Pecr,0,0
100767954,Pemt,0,0
100770474,Pepd,0,0
100760956,Pfas,1,0
100754096,Pfkfb1,0,0
100768313,Pfkfb2,0,0
100762756,Pfkfb3,1,0
100761571,Pfkfb4,0,0
100762127,Pfkl,0,0
100754270,Pfkm,0,0
100751501,Pfkp,0,0
100766080,Pgam1,1,0
100761944,Pgam2,0,0
100761032,Pgap1,0,0
100765199,Pgd,1,0
100689467,Pgk1,1,0
100755186,Pgk2,0,0
100774660,Pgls,0,0
100753184,Pgm1,0,0
100761029,Pgm2,0,0
100767063,Pgm2l1,0,0
100762575,Pgm3,1,0
100770590,Pgm5,0,0
100770052,Pgp,1,0
100689449,Pgs1,1,1
100774394,Phgdh,0,0
100760987,Phospho1,0,0
100764721,Phospho2,0,0
100761523,Phpt1,0,0
100774732,Phyh,0,0
100767825,Phykpl,0,0
100766663,Pi4k2a,0,0
100756055,Pi4ka,1,0
100770133,Pi4kb,1,0
100773712,Piga,0,0
100768002,Pigb,0,0
100772999,Pigc,0,0
100764893,Pigf,0,0
100765524,Pigg,0,0
100760756,Pigh,0,0
100761996,Pigk,0,0
100752487,Pigl,0,0
100764842,Pigm,0,0
100751357,Pign,0,0
100774971,Pigo,0,0
100752242,Pigp,0,0
100769477,Pigq,1,0
100761041,Pigs,0,0
100765538,Pigt,0,0
100689380,Pigu,0,0
100770177,Pigv,0,0
100759511,Pigw,0,0
100761026,Pigx,0,0
100750622,Pigz,0,0
100756350,Pik3c2a,0,0
100767102,Pik3c2b,0,0
100754324,Pik3c2g,0,0
100765741,Pik3c3,1,0
100689251,Pik3ca,1,0
100689252,Pik3cb,0,0
100769225,Pik3cd,0,0
100765862,Pik3cg,0,0
100750761,Pik3r1,0,0
100771181,Pik3r2,0,0
100769548,Pik3r4,1,0
100751224,Pik3r5,0,0
100751518,Pik3r6,0,0
100758487,Pikfyve,1,0
100755254,Pip4k2a,0,0
100765223,Pip4k2b,0,0
100764086,Pip4k2c,0,0
100757444,Pip4p1,0,0
100767770,Pip4p2,0,0
100753298,Pip5k1a,0,0
100772168,Pip5k1c,0,0
100765858,Pipox,0,0
100689093,Pisd,1,0
100755461,Pklr,0,0
100751347,Pkm,1,0
100756208,Pla2g10,0,0
100767324,Pla2g12a,0,0
100758369,Pla2g12b,0,0
100754136,Pla2g2a,0,0
100756754,Pla2g2c,0,0
100754712,Pla2g2d,0,0
100753835,Pla2g2e,0,0
100755005,Pla2g2f,0,0
100761489,Pla2g3,0,0
100750927,Pla2g4a,0,0
100771756,Pla2g4b,0,0
100754559,Pla2g4c,0,0
103158591,Pla2g4d,0,0
100770894,Pla2g4e,0,0
100770605,Pla2g4f,0,0
100754426,Pla2g5,0,0
100751421,Pla2g6,0,0
100761810,Plb1,0,0
100751979,Plcb1,0,0
100760731,Plcb2,0,0
100760134,Plcb3,0,0
100770957,Plcb4,0,0
100751509,Plcd1,0,0
100759620,Plcd3,0,0
100751872,Plcd4,0,0
100754217,Plce1,0,0
100769697,Plcg1,0,0
100752475,Plcg2,0,0
100760460,Plch1,0,0
100769053,Plch2,0,0
100772560,Plcl1,0,0
100763459,Plcxd2,0,0
100754031,Plcz1,0,0
100689404,Pld1,0,0
100689404,Pld1,0,0
100752582,Pld2,0,0
100763114,Pld3,0,0
100770231,Pld4,0,0
100766800,Pld6,0,0
100763844,Plod1,0,0
100762939,Plod2,0,0
100771106,Plpp1,0,0
100774295,Plpp2,0,0
100774527,Plpp3,0,0
100772808,Plpp5,0,0
103162885,Plpp6,0,1
100751688,Plpp7,0,0
100758814,Plppr5,0,0
100771643,Pmm1,0,0
100771643,Pmm1,0,0
100765196,Pmm2,0,0
100761595,Pmpca,1,0
100759992,Pmvk,1,1
100768410,Pnmt,0,0
100757729,Pnp,0,0
100763234,Pnpla1,0,0
100753746,Pnpla2,0,0
100768979,Pnpla3,0,0
100753308,Pnpo,0,0
100766803,Pnpt1,1,1
100753417,Pofut1,0,0
100765129,Pofut2,0,0
100760325,Poglut1,0,0
100758493,Pola1,1,1
100768307,Pola2,1,1
100774965,Polb,0,1
100773935,Pold1,1,1
100762815,Pold2,1,1
100756090,Pold3,1,1
100761682,Pold4,0,1
100774671,Pole,1,1
100754280,Pole2,1,1
100752018,Pole3,1,1
100755501,Polg,0,1
100774291,Polg2,0,1
100758244,Polh,0,1
100757066,Poli,0,1
100758099,Polk,0,1
100758099,Polk,0,1
100751096,Poll,1,1
100762233,Polm,0,1
100769107,Poln,1,1
100769107,Poln,1,1
100764158,Polq,0,1
100767957,Polr1a,1,1
100767957,Polr1a,1,1
100769834,Polr1b,1,1
100758205,Polr1c,1,1
100757843,Polr1d,1,1
100751282,Polr1e,1,1
100753139,Polr1h,1,1
100689016,Polr2a,1,1
100755901,Polr2b,1,1
100765460,Polr2c,0,1
100755604,Polr2d,1,1
100754513,Polr2e,1,1
100754156,Polr2f,1,1
100754072,Polr2g,1,1
100769706,Polr2h,1,1
100762645,Polr2k,0,1
100754830,Polr2l,0,1
100753811,Polr3a,1,1
100759724,Polr3b,1,1
100752999,Polr3c,1,1
100767520,Polr3d,1,1
100764912,Polr3e,1,1
100766844,Polr3f,1,1
100767472,Polr3g,0,1
100755742,Polr3gl,0,1
100762430,Polrmt,1,1
100772511,Pomgnt1,0,0
100770708,Pomgnt2,0,0
100771074,Pomk,0,0
100755033,Pomt1,0,0
100764752,Pomt2,0,0
100689241,Por,0,0
100769185,Ppa1,0,0
100760149,Ppat,1,0
100766343,Ppcdc,1,0
100768962,Ppcs,0,0
100767441,Ppip5k1,0,0
100769408,Ppip5k2,0,0
100767777,Ppox,1,0
100750408,Ppt1,0,0
100758494,Ppt2,0,0
100754867,Prdx6,0,0
100753910,Prkcsh,0,0
100750856,Prodh,0,0
100773901,Prodh2,0,0
100759532,Prps1,0,0
100767893,Prps2,0,0
100766866,Prune1,1,0
100755514,Prxl2b,0,0
100760327,Psap,0,0
100760751,Psat1,0,0
100755202,Psph,0,0
100762075,Ptdss1,0,0
100689448,Ptdss2,0,0
100689448,Ptdss2,0,0
100764294,Pten,0,0
100762704,Ptgds,0,0
100770965,Ptges,0,0
100758776,Ptges2,0,0
100774202,Ptges3,0,0
100757024,Ptgis,0,0
100756865,Ptgr1,0,0
100770867,Ptgs1,0,0
100751220,Ptgs2,0,0
100758995,Ptpdc1,0,0
100763640,Ptpmt1,1,1
100774028,Ptprq,0,0
100774028,Ptprq,0,0
100760505,Ptrh1,0,0
100759231,Ptrh2,0,0
100750756,Pts,0,0
100774957,Pxdn,0,0
100767919,Pycr1,0,0
100751666,Pycr2,0,0
100758600,Pycr3,0,0
100769186,Pygb,0,0
100753288,Pygl,0,0
100753288,Pygl,0,0
100757350,Pygm,0,0
100763403,Pyurf,0,0
100763536,Qars1,1,1
100769495,Qdpr,0,0
100755205,Qprt,0,0
100767432,Qrsl1,1,0
100767723,Rars1,1,1
100768428,Rars2,1,0
100762399,Rbks,0,0
100762475,Rbp1,0,0
100758803,Rbp2,0,0
100765162,Rdh10,0,0
100759877,Rdh11,0,0
100759583,Rdh12,0,0
100759393,Rdh13,0,0
100757118,Rdh14,0,0
100772460,Rdh5,1,0
100773401,Rdh8,0,0
100774890,Rev3l,1,1
100753174,Rfc5,1,1
100767410,Rfk,1,0
100771257,Rfng,0,0
100774638,Rft1,1,0
100752401,Rgn,0,0
100764399,Rhag,0,0
100754688,Rhbg,0,0
100762946,Ripor1,0,1
100756130,Rpe,1,0
100767488,Rpe65,1,0
100765051,Rpia,1,0
100762811,Rpn1,1,0
103158732,Rpn2,1,0
100769100,Rpp14,1,0
100761591,Rrm1,1,1
100752542,Rrm2,1,0
100768429,Rrm2b,1,0
100757873,Rxylt1,0,0
100761121,Sardh,0,0
100689195,Sars1,1,1
100769771,Sars2,1,0
100689427,Sat1,0,0
100757665,Sat2,0,0
100752960,Sc5d,1,1
100772350,Scarf2,0,0
100768510,Sccpdh,0,0
100768175,Scd5,0,0
100774221,Scly,0,0
100757558,Scp2,0,0
100765198,Scp2d1,0,0
100750732,Sdha,1,0
103161641,Sdhaf1,1,0
100772110,Sdhaf2,1,0
100771246,Sdhb,1,0
100689402,Sdhc,1,0
100774657,Sdhd,0,0
100769224,Sds,0,0
100768948,Sdsl,0,0
100752256,Sec11a,0,0
100769695,Sec11c,0,0
100759003,Selenoi,0,0
100775017,Sephs1,0,0
100770125,Sephs2,1,0
100753962,Setd1a,1,0
100765637,Setd2,0,0
100767175,Setd7,0,0
100765697,Setdb1,1,0
100774155,Setdb2,0,0
100766719,Sgms1,1,0
100760913,Sgms2,0,0
100761441,Sgpl1,0,0
100766871,Sgpp1,0,0
100760822,Sgpp2,0,0
100755391,Sgsh,0,0
100773080,Shmt1,0,0
100754714,Shmt2,1,0
100771420,Shpk,0,0
100773620,Si,0,0
100754185,Siae,0,0
100756998,Slc10a1,1,0
100689396,Slc10a2,0,0
100753263,Slc10a4,0,0
100760229,Slc10a5,0,0
100770143,Slc10a7,0,0
100752157,Slc11a1,0,0
100764508,Slc11a2,1,0
100761861,Slc12a1,0,0
100769027,Slc12a2,0,0
100758081,Slc12a3,0,0
100751159,Slc12a4,0,0
100768413,Slc12a5,0,0
100771685,Slc12a6,0,0
100764745,Slc12a7,0,0
100764745,Slc12a7,0,0
100757983,Slc13a1,0,0
100767335,Slc13a2,0,0
100750672,Slc13a3,0,0
100771284,Slc13a4,0,0
100754900,Slc13a5,0,0
100760826,Slc15a1,0,0
100766001,Slc15a2,0,0
100775005,Slc15a3,0,0
100761469,Slc15a4,0,0
100775004,Slc16a1,0,0
100774015,Slc16a10,1,0
100767935,Slc16a12,0,0
100763738,Slc16a13,0,0
100752961,Slc16a14,0,0
100762444,Slc16a2,0,0
100772122,Slc16a3,0,0
100757367,Slc16a5,0,0
100768407,Slc16a7,0,0
100756769,Slc16a8,0,0
100755850,Slc17a1,0,0
100755263,Slc17a2,0,0
100755554,Slc17a3,0,0
100756142,Slc17a4,0,0
100757887,Slc17a5,0,0
100773912,Slc17a6,0,0
100756172,Slc17a7,0,0
100763319,Slc17a8,0,0
100755842,Slc18a1,0,0
100774860,Slc18a2,0,0
100770013,Slc18a3,0,0
100689407,Slc19a1,0,0
100763232,Slc19a2,0,0
100760895,Slc1a1,0,0
100752285,Slc1a2,0,0
100689464,Slc1a3,0,0
100689351,Slc1a4,0,0
100763902,Slc1a5,0,0
100770833,Slc1a6,0,0
100767052,Slc1a7,0,0
100689025,Slc20a1,1,0
100689023,Slc20a2,0,0
100763203,Slc22a1,0,0
100756772,Slc22a12,0,0
100753777,Slc22a16,0,0
100761164,Slc22a2,0,0
100763775,Slc22a3,0,0
100755815,Slc22a6,0,0
100757046,Slc22a7,0,0
100756399,Slc22a8,0,0
100757803,Slc23a1,0,0
100761922,Slc23a2,0,0
100773154,Slc24a1,0,0
100758236,Slc24a2,0,0
100764911,Slc24a3,0,0
100752949,Slc24a4,0,0
100762640,Slc24a5,0,0
100751442,Slc25a1,1,0
100766192,Slc25a10,1,0
100770598,Slc25a11,1,0
100768097,Slc25a12,1,0
100766212,Slc25a13,1,0
100770799,Slc25a14,1,0
100773024,Slc25a15,1,0
100761558,Slc25a16,1,0
100765307,Slc25a17,1,0
100756941,Slc25a18,1,0
100769919,Slc25a19,1,0
100765000,Slc25a20,0,0
100756680,Slc25a21,0,0
100752846,Slc25a22,0,0
100750391,Slc25a23,0,0
100755982,Slc25a25,0,0
100769239,Slc25a26,1,0
100758598,Slc25a27,1,0
100753159,Slc25a28,0,0
100758020,Slc25a3,1,0
100767752,Slc25a30,1,0
100773145,Slc25a31,1,0
100689360,Slc25a32,1,0
100764208,Slc25a36,1,0
100772406,Slc25a37,1,0
100757130,Slc25a38,1,0
100751779,Slc25a4,0,0
100750759,Slc25a42,0,0
100769087,Slc25a5,0,0
103159861,Slc26a1,0,0
100757714,Slc26a11,0,0
100757714,Slc26a11,0,0
100762932,Slc26a2,0,0
100757051,Slc26a3,0,0
100757917,Slc26a4,0,0
100755962,Slc26a5,0,0
100760402,Slc26a6,1,0
100767475,Slc26a7,0,0
100764091,Slc26a8,0,0
100756633,Slc26a9,0,0
100774950,Slc27a1,0,0
100754190,Slc27a2,0,0
100752129,Slc27a3,0,0
100765865,Slc27a4,0,0
100765567,Slc27a5,0,0
100774029,Slc27a6,0,0
100774101,Slc28a2,0,0
100761966,Slc29a2,0,0
100767453,Slc29a3,0,0
100758998,Slc29a4,0,0
100753506,Slc2a1,0,0
100774864,Slc2a10,0,0
100769616,Slc2a12,0,0
100750908,Slc2a2,0,0
100766656,Slc2a4,0,0
100756706,Slc2a5,0,0
100769228,Slc2a6,0,0
100761956,Slc2a8,0,0
100752981,Slc2a9,0,0
100751596,Slc30a1,1,0
100774627,Slc30a10,1,0
100772645,Slc30a4,0,0
100775027,Slc30a8,0,0
100767136,Slc30a9,0,0
100689094,Slc31a1,0,0
100754404,Slc31a2,0,0
100760747,Slc32a1,0,0
100756415,Slc33a1,1,0
100771562,Slc34a1,0,0
100759469,Slc34a2,0,0
100773189,Slc34a3,0,0
100689322,Slc35a1,0,0
100689031,Slc35a2,1,0
100689394,Slc35a3,0,0
100756934,Slc35b1,1,0
100758269,Slc35b2,0,0
100767088,Slc35b3,0,0
100689030,Slc35b4,0,0
100689382,Slc35c1,0,0
100751278,Slc35d1,0,0
100759470,Slc35d2,0,0
100756137,Slc35g1,0,0
100765147,Slc37a1,0,0
100755431,Slc37a2,0,0
100770346,Slc37a3,0,0
100758396,Slc37a4,0,0
100769511,Slc38a1,0,0
100689188,Slc38a2,1,0
100754504,Slc38a3,0,0
100769795,Slc38a4,0,0
100769795,Slc38a4,0,0
100767098,Slc38a5,0,0
100752560,Slc38a6,0,0
100762550,Slc38a7,0,0
100766982,Slc39a1,0,0
100754926,Slc39a10,1,0
100753680,Slc39a11,0,0
100751155,Slc39a12,0,0
100759674,Slc39a13,0,0
100768099,Slc39a14,1,0
100752281,Slc39a2,0,0
100774781,Slc39a3,0,0
100755397,Slc39a4,0,0
100751461,Slc39a5,0,0
100764156,Slc39a6,0,0
100767442,Slc39a8,1,0
100767442,Slc39a8,1,0
100758147,Slc39a9,0,0
100765887,Slc3a1,0,0
100689315,Slc3a2,1,0
100770310,Slc40a1,0,0
100756335,Slc41a1,0,0
100762387,Slc41a3,0,0
100757617,Slc43a1,0,0
100767730,Slc43a2,0,0
100766177,Slc44a1,0,0
100757777,Slc44a2,0,0
100771880,Slc45a2,0,0
100755754,Slc45a3,0,0
100775003,Slc45a4,0,0
100757832,Slc46a1,0,0
100767330,Slc48a1,0,0
100755180,Slc4a1,0,0
100766143,Slc4a10,0,0
100762427,Slc4a2,0,0
100767310,Slc4a3,0,0
100771517,Slc4a5,0,0
100770901,Slc4a7,1,0
100773077,Slc4a8,0,0
100752461,Slc4a9,0,0
100757783,Slc50a1,0,0
100753765,Slc51a,0,0
100751085,Slc51b,0,0
100755690,Slc52a2,0,0
100759942,Slc52a3,0,0
100767281,Slc5a1,0,0
100750825,Slc5a10,0,0
100758893,Slc5a11,0,0
100760313,Slc5a12,0,0
100770888,Slc5a2,0,0
100759273,Slc5a3,0,0
100753604,Slc5a5,0,0
100765026,Slc5a6,1,0
100764885,Slc5a7,0,0
100773217,Slc5a8,0,0
100758999,Slc5a9,0,0
100760370,Slc6a1,0,0
100752493,Slc6a11,0,0
100752445,Slc6a12,0,0
100752749,Slc6a13,0,0
100751194,Slc6a14,0,0
100758864,Slc6a15,0,0
100769158,Slc6a17,0,0
100769158,Slc6a17,0,0
100762871,Slc6a18,0,0
100762288,Slc6a19,0,0
100773003,Slc6a2,0,0
100754706,Slc6a4,0,0
100761450,Slc6a5,0,0
100765478,Slc6a6,0,0
100764967,Slc6a7,0,0
100752334,Slc6a8,0,0
100774471,Slc6a9,0,0
100689176,Slc7a1,0,0
100769905,Slc7a10,0,0
100764546,Slc7a11,0,0
100772617,Slc7a2,0,0
100771829,Slc7a3,0,0
100757506,Slc7a4,0,0
100768667,Slc7a5,0,0
100760403,Slc7a6,0,0
100768258,Slc7a7,0,0
100770731,Slc7a8,0,0
100759612,Slc7a9,0,0
100760799,Slc8a1,0,0
100765653,Slc8a2,0,0
100765404,Slc8a3,0,0
100771144,Slc8b1,0,0
100689320,Slc9a1,0,0
100757298,Slc9a2,0,0
100755928,Slc9a3,0,0
100757585,Slc9a4,0,0
100766142,Slc9a5,0,0
100768229,Slc9a6,0,0
100769981,Slc9a7,0,0
100759611,Slc9a8,0,0
100761317,Slc9a9,0,0
100766358,Slc9b1,0,0
100765773,Slc9b2,1,0
100755156,Slc9c2,0,0
100774298,Slco1b3,0,0
100772065,Slco1c1,0,0
100771580,Slco2a1,0,0
100763633,Slco2b1,0,0
100760145,Slco3a1,0,0
100756146,Slco4a1,0,0
100759262,Slco4c1,0,0
100763379,Smox,0,0
100760557,Smpd1,0,0
100771550,Smpd2,0,0
100755276,Smpd3,0,0
100753418,Smpd4,0,0
100753198,Sms,0,0
100689317,Soat1,0,0
100752385,Soat2,0,0
100765091,Sod1,1,0
100760320,Sod2,0,0
100765292,Sod3,0,0
100751427,Sord,0,0
100762175,Spcs1,0,0
100755739,Spcs2,1,0
100753146,Spcs3,1,0
100762053,Sphk1,0,0
100774790,Sphk2,0,0
100766250,Spns1,0,0
100758091,Spns2,0,0
100757800,Spns3,0,0
100767396,Spr,0,0
100689326,Sptlc1,1,1
100689415,Sptlc2,1,1
100770263,Sptlc3,0,1
100764834,Sqle,1,1
100764834,Sqle,1,1
100770919,Sqor,0,0
100761447,Srd5a1,0,0
100766917,Srd5a2,0,0
100770660,Srd5a3,0,0
100756588,Srm,0,0
100765356,Srr,0,0
100767717,St3gal2,0,0
100767717,St3gal2,0,0
100689187,St3gal3,0,0
100689440,St3gal4,0,0
100754838,St3gal5,0,0
100771326,St3gal6,0,0
100689389,St6gal1,0,0
100763756,St6gal2,0,0
100762285,St6galnac3,0,0
100759381,St6galnac5,0,0
100757138,St6galnac6,0,0
100768920,St8sia1,0,0
100764454,St8sia3,0,0
100750766,St8sia5,0,0
100774188,St8sia6,0,0
100759029,Stard3,0,0
100757023,Stra6,0,0
100751391,Stt3a,1,0
100752084,Stt3b,1,0
100761589,Sucla2,0,0
100761589,Sucla2,0,0
100751457,Suclg1,0,0
100752265,Suclg2,0,0
100770206,Sugct,0,0
100764411,Sult1b1,0,0
100774216,Sult2b1,0,0
100773186,Sult4a1,0,0
100757336,Sult6b1,0,0
100768542,Suox,0,0
100764568,Suv39h1,1,0
100755145,Suv39h2,0,0
100757174,Synj1,0,0
100774472,Synj2,0,0
100689344,Taldo1,0,0
100773026,Tars1,1,0
100772235,Tars3,0,0
100754678,Tat,0,0
100772642,Tbxas1,0,0
100755303,Tcirg1,0,0
100768126,Tdo2,0,0
100761652,Tecr,1,0
100767329,Tecrl,1,0
100760805,Tent2,0,1
100760867,Tent4a,0,1
100767620,Tgds,0,0
100760127,Th,0,0
100769809,Them4,0,0
100769525,Them5,0,0
100764351,Thtpa,0,0
100689285,Tk1,0,0
100766785,Tk2,0,0
100765605,Tkfc,0,0
100774058,Tkt,1,0
100772462,Tktl1,1,0
100754020,Tktl2,1,0
100766362,Tm7sf2,0,1
100756251,Tmem30a,0,0
100751875,Tmem30b,0,0
100757720,Tmlhe,0,0
100767923,Tph1,0,0
100763947,Tph2,0,0
100767338,Tpi1,0,0
100768444,Tpk1,0,0
100774668,Tpo,0,0
100759190,Tpp1,0,0
100773025,Trdmt1,0,0
100759542,Treh,0,0
100689314,Tst,0,0
100769790,Ttpal,0,0
100775078,Tusc3,0,0
100756173,Tut1,0,1
100755521,Tut4,0,1
100767495,Tut7,0,1
100771594,Txnrd1,1,0
100770343,Txnrd2,0,0
100770105,Txnrd3,0,0
100757152,Tymp,0,0
100754276,Tyms,1,1
100774614,Tyrp1,0,0
100768154,Uap1,0,0
100771350,Uap1l1,0,0
100754740,Uck1,0,0
100760992,Uck2,0,0
100763963,Uckl1,0,0
100772970,Ucp1,0,0
100758689,Ucp3,0,0
100751959,Uevld,0,0
100689432,Ugcg,0,0
100773968,Uggt1,0,0
100762273,Uggt2,0,0
100689325,Ugp2,1,1
100756786,Umps,1,1
100762944,Upb1,0,0
100752663,Upp1,0,0
100758277,Upp2,0,0
100764380,Uprt,0,0
100762187,Urad,0,0
100761511,Uroc1,0,0
100753284,Urod,1,0
100757472,Uros,1,0
100760763,Ust,0,0
100763471,Uxs1,1,0
100769994,Vars1,1,1
100755870,Vars2,1,0
100765792,Vdac1,0,0
100761812,Vdac2,0,0
100774187,Vdac3,0,0
100750608,Vnn1,0,0
100767856,Wars1,1,1
100772881,Wars2,1,0
100766626,Xdh,0,0
100750358,Xpo6,0,0
100750358,Xpo6,0,0
100750532,Xpo7,0,0
100750577,Xylb,0,0
100756878,Xylt1,0,0
100759604,Xylt2,0,0
100751260,Yars1,1,1
100751113,Yars2,1,0
100766003,Znf862,0,0